[{"pk": "50017.1*C", "model": "airports.airport", "fields": {"ctaf": "122.900", "segmented_circle": false, "point": "POINT (-161.4350772222222190 60.9078647222222216)", "ultralights_based": 0, "facility_manager_name": "NONE", "activation_date": "1966-07-01", "medical_use": false, "ownership_type": "PU", "jets_based": 0, "landing_fees": false, "location_identifier": "KKI", "facility_type": "SEAPLANE BASE", "commuter_services_operations": 0, "military_based": 0, "use_type": "PU", "status": "O", "multis_based": 0, "control_tower": false, "beacon_color": "", "icao_identifier": "", "facility_name": "AKIACHAK", "owners_name": "PUBLIC DOMAIN", "singles_based": 0, "elevation_msl": "18.0", "ga_itinerant_operations": 10, "associated_state_post_office_code": "AK", "commercial_services_operations": 0, "air_taxi_operations": 0, "military_operations": 0, "operations_ending_date": "2010-12-31", "helicopters_based": 0, "ga_local_operations": 0, "traffic_pattern_agl": null, "gliders_based": 0}}, {"pk": "06833.62*A", "model": "airports.airport", "fields": {"ctaf": "122.800", "segmented_circle": true, "point": "POINT (-94.9201388888888857 38.5402222222222193)", "ultralights_based": 0, "facility_manager_name": "WAYNE HARCLERODE", "activation_date": "1951-12-01", "medical_use": false, "ownership_type": "PU", "jets_based": 0, "landing_fees": false, "location_identifier": "K81", "facility_type": "AIRPORT", "commuter_services_operations": 0, "military_based": 0, "use_type": "PU", "status": "O", "multis_based": 0, "control_tower": false, "beacon_color": "CG", "icao_identifier": "", "facility_name": "MIAMI COUNTY", "owners_name": "MIAMI COUNTY", "singles_based": 19, "elevation_msl": "943.0", "ga_itinerant_operations": 3700, "associated_state_post_office_code": "KS", "commercial_services_operations": 0, "air_taxi_operations": 0, "military_operations": 100, "operations_ending_date": "2010-09-13", "helicopters_based": 0, "ga_local_operations": 6200, "traffic_pattern_agl": 800, "gliders_based": 0}}, {"pk": "11956.1*A", "model": "airports.airport", "fields": {"ctaf": "122.800", "segmented_circle": true, "point": "POINT (-94.3916944444444397 36.8108055555555538)", "ultralights_based": 0, "facility_manager_name": "BILLY SALLEE", "activation_date": "1966-02-01", "medical_use": false, "ownership_type": "PU", "jets_based": 0, "landing_fees": false, "location_identifier": "EOS", "facility_type": "AIRPORT", "commuter_services_operations": 0, "military_based": 0, "use_type": "PU", "status": "O", "multis_based": 2, "control_tower": false, "beacon_color": "CG", "icao_identifier": "KEOS", "facility_name": "NEOSHO HUGH ROBINSON", "owners_name": "CITY OF NEOSHO", "singles_based": 31, "elevation_msl": "1255.0", "ga_itinerant_operations": 1156, "associated_state_post_office_code": "MO", "commercial_services_operations": 0, "air_taxi_operations": 200, "military_operations": 20, "operations_ending_date": "2011-06-30", "helicopters_based": 5, "ga_local_operations": 1734, "traffic_pattern_agl": null, "gliders_based": 0}}, {"pk": "26246.*A", "model": "airports.airport", "fields": {"ctaf": "122.800", "segmented_circle": true, "point": "POINT (-122.8983888888888885 46.1180000000000021)", "ultralights_based": 3, "facility_manager_name": "DAN JOHNSON", "activation_date": "1941-05-01", "medical_use": false, "ownership_type": "PU", "jets_based": 1, "landing_fees": false, "location_identifier": "KLS", "facility_type": "AIRPORT", "commuter_services_operations": 0, "military_based": 0, "use_type": "PU", "status": "O", "multis_based": 6, "control_tower": false, "beacon_color": "CG", "icao_identifier": "KKLS", "facility_name": "SOUTHWEST WASHINGTON RGNL", "owners_name": "CITY OF KELSO", "singles_based": 53, "elevation_msl": "20.0", "ga_itinerant_operations": 18800, "associated_state_post_office_code": "WA", "commercial_services_operations": 0, "air_taxi_operations": 1675, "military_operations": 685, "operations_ending_date": "2008-03-30", "helicopters_based": 0, "ga_local_operations": 19700, "traffic_pattern_agl": null, "gliders_based": 0}}, {"pk": 29, "model": "airports.remark", "fields": {"body": "NO SERVICES OR DOCK. BEACHING AREA ADJACENT TO VILLAGE.", "airport": "50017.1*C", "element_name": "A110-1"}}, {"pk": 30, "model": "airports.remark", "fields": {"body": "WX CAMERA AVBL ON INTERNET AT HTTP://AKWEATHERCAMS.FAA.GOV", "airport": "50017.1*C", "element_name": "A110-2"}}, {"pk": 31, "model": "airports.remark", "fields": {"body": "BE ALERT OF ARPT TRAFFIC NW OF WATERWAY AREA.", "airport": "50017.1*C", "element_name": "A110-3"}}, {"pk": 32, "model": "airports.remark", "fields": {"body": "RIVER HAS TIDAL INFLUENCE. BE ALERT OF TIDAL FLATS INVOF LANDING AND BEACHING AREA. INSPECT BEFORE LANDING.", "airport": "50017.1*C", "element_name": "A110-4"}}, {"pk": 33, "model": "airports.remark", "fields": {"body": "SEAPLANES LND NW-SE IN LAGOON; TKOF E-W IN RIVER.", "airport": "50017.1*C", "element_name": "A30-NW/SE"}}, {"pk": 34, "model": "airports.remark", "fields": {"body": "WINDSOCK AT ARPT FOR SPB.", "airport": "50017.1*C", "element_name": "A83"}}, {"pk": 27175, "model": "airports.remark", "fields": {"body": "SHANE KROLL, CO. ADMINISTRATOR.", "airport": "06833.62*A", "element_name": "A11"}}, {"pk": 27176, "model": "airports.remark", "fields": {"body": "PUBLIC PHONE AVBL.", "airport": "06833.62*A", "element_name": "A110-2"}}, {"pk": 27177, "model": "airports.remark", "fields": {"body": "FOR SVC AFT HRS CALL (913) 755-2345.", "airport": "06833.62*A", "element_name": "A17"}}, {"pk": 27178, "model": "airports.remark", "fields": {"body": "FUEL AVBL 24 HRS, AUTOMATED SELF-SERVICE, CREDIT CARD, VISA & MC ONLY.", "airport": "06833.62*A", "element_name": "A70"}}, {"pk": 27179, "model": "airports.remark", "fields": {"body": "DUSK-DAWN. ACTVT MIRL RY 03/21 & REIL RYS  03 & /21; PAPI RYS 03 & 21 - CTAF.", "airport": "06833.62*A", "element_name": "A81-APT"}}, {"pk": 27180, "model": "airports.remark", "fields": {"body": "DUSK-2400", "airport": "06833.62*A", "element_name": "A81-BCN"}}, {"pk": 27181, "model": "airports.remark", "fields": {"body": "SE", "airport": "06833.62*A", "element_name": "E40-15"}}, {"pk": 37543, "model": "airports.remark", "fields": {"body": "WILDLIFE ON & INVOF ARPT.", "airport": "11956.1*A", "element_name": "A110-1"}}, {"pk": 37544, "model": "airports.remark", "fields": {"body": "GND HAZ CAMP CROWDER FIRING RANGE ACTV - STAY ABV PAT ALT TIL BASE LEG WKDAYS & WKENDS INDEFLY.", "airport": "11956.1*A", "element_name": "A110-2"}}, {"pk": 37545, "model": "airports.remark", "fields": {"body": "RY 01/19 LINE OF SIGHT OBSTRUCTED BY GRADE CHANGE ON NORTH END.", "airport": "11956.1*A", "element_name": "A110-4"}}, {"pk": 37546, "model": "airports.remark", "fields": {"body": "FOR SVC AFT HRS CALL (417) 592-1499.", "airport": "11956.1*A", "element_name": "A17"}}, {"pk": 37547, "model": "airports.remark", "fields": {"body": "24 HR SELF SERVICE 100LL FUEL PUMP.", "airport": "11956.1*A", "element_name": "A70"}}, {"pk": 37548, "model": "airports.remark", "fields": {"body": "ACTVT MIRL RY 01/19 & REIL RYS 01 & 19 - CTAF. PAPI RYS 01 & 19 OPERATE 24 HRS.", "airport": "11956.1*A", "element_name": "A81-APT"}}, {"pk": 37549, "model": "airports.remark", "fields": {"body": "AUTOMATED UNICOM.", "airport": "11956.1*A", "element_name": "A82"}}, {"pk": 68443, "model": "airports.remark", "fields": {"body": "THIS AIRPORT HAS BEEN SURVEYED BY THE NATIONAL GEODETIC SURVEY.", "airport": "26246.*A", "element_name": "A110*G"}}, {"pk": 68444, "model": "airports.remark", "fields": {"body": "NMRS FLOCKS OF BIRDS ON & INVOF ARPT.", "airport": "26246.*A", "element_name": "A110-1"}}, {"pk": 68445, "model": "airports.remark", "fields": {"body": "RWY 12/30 NSTD SPACING MIRL", "airport": "26246.*A", "element_name": "A40-12/30"}}, {"pk": 68446, "model": "airports.remark", "fields": {"body": "+3' HILL FROM 40' TO 200'; 105L.", "airport": "26246.*A", "element_name": "A58-30"}}, {"pk": 68447, "model": "airports.remark", "fields": {"body": "24 HR SELF SVC CREDIT CARD FUEL FAC.", "airport": "26246.*A", "element_name": "A70"}}, {"pk": 68448, "model": "airports.remark", "fields": {"body": "DUSK-DAWN. ACTVT MIRL RY 12/30 - CTAF.", "airport": "26246.*A", "element_name": "A81-BCN"}}, {"pk": 68449, "model": "airports.remark", "fields": {"body": "ESTABD PRIOR TO 15 MAY 1959.", "airport": "26246.*A", "element_name": "E111"}}, {"pk": 68450, "model": "airports.remark", "fields": {"body": "FLIGHT NOTIFICATION SERVICE (ADCUS) AVBL.", "airport": "26246.*A", "element_name": "E80"}}, {"pk": 4, "model": "airports.attendance", "fields": {"airport": "50017.1*C", "schedule": "UNATNDD", "sequence": 1}}, {"pk": 7090, "model": "airports.attendance", "fields": {"airport": "06833.62*A", "schedule": "IREG", "sequence": 1}}, {"pk": 9996, "model": "airports.attendance", "fields": {"airport": "11956.1*A", "schedule": "ALL/ALL/0800-1600", "sequence": 1}}, {"pk": 19497, "model": "airports.attendance", "fields": {"airport": "26246.*A", "schedule": "WINTER/ALL/0800-1700", "sequence": 1}}, {"pk": 19498, "model": "airports.attendance", "fields": {"airport": "26246.*A", "schedule": "SUMMER/ALL/0800-1800", "sequence": 2}}, {"pk": 5, "model": "airports.runway", "fields": {"base_end_displaced_threshold_point": null, "runway_length": 5000, "reciprocal_end_elevation_physical_runway_end": "0.000", "base_end_elevation_displaced_threshold": null, "surface_treatment": "", "base_end_displaced_threshold_length_from_end": null, "runway_width": 300, "reciprocal_end_displaced_threshold_point": null, "reciprocal_end_visual_glide_slope_indicators": "", "reciprocal_end_displaced_threshold_length_from_end": null, "base_end_point": null, "reciprocal_end_point": null, "base_end_runway_visual_range_equipment": false, "runway_identification": "E/W", "base_end_visual_glide_slope_indicators": "", "reciprocal_end_elevation_displaced_threshold": null, "surface_type_condition": "WATER", "reciprocal_end_runway_visual_range_equipment_locations": "", "pavement_classification_number": "", "airport": "50017.1*C", "base_end_runway_visual_range_equipment_locations": "", "lights_edge_intensity": "", "reciprocal_end_runway_visual_range_equipment": false, "base_end_elevation_physical_runway_end": "0.000"}}, {"pk": 6, "model": "airports.runway", "fields": {"base_end_displaced_threshold_point": null, "runway_length": 5000, "reciprocal_end_elevation_physical_runway_end": "0.000", "base_end_elevation_displaced_threshold": null, "surface_treatment": "", "base_end_displaced_threshold_length_from_end": null, "runway_width": 500, "reciprocal_end_displaced_threshold_point": null, "reciprocal_end_visual_glide_slope_indicators": "", "reciprocal_end_displaced_threshold_length_from_end": null, "base_end_point": null, "reciprocal_end_point": null, "base_end_runway_visual_range_equipment": false, "runway_identification": "NW/SE", "base_end_visual_glide_slope_indicators": "", "reciprocal_end_elevation_displaced_threshold": null, "surface_type_condition": "WATER", "reciprocal_end_runway_visual_range_equipment_locations": "", "pavement_classification_number": "", "airport": "50017.1*C", "base_end_runway_visual_range_equipment_locations": "", "lights_edge_intensity": "", "reciprocal_end_runway_visual_range_equipment": false, "base_end_elevation_physical_runway_end": "0.000"}}, {"pk": 8183, "model": "airports.runway", "fields": {"base_end_displaced_threshold_point": null, "runway_length": 3398, "reciprocal_end_elevation_physical_runway_end": "940.700", "base_end_elevation_displaced_threshold": null, "surface_treatment": "", "base_end_displaced_threshold_length_from_end": null, "runway_width": 60, "reciprocal_end_displaced_threshold_point": "POINT (-94.9159004444444463 38.5448204166666670)", "reciprocal_end_visual_glide_slope_indicators": "P4L", "reciprocal_end_displaced_threshold_length_from_end": null, "base_end_point": "POINT (-94.9232288611111130 38.5374762777777775)", "reciprocal_end_point": "POINT (-94.9159004444444463 38.5448204166666670)", "base_end_runway_visual_range_equipment": false, "runway_identification": "03/21", "base_end_visual_glide_slope_indicators": "P4L", "reciprocal_end_elevation_displaced_threshold": null, "surface_type_condition": "ASPH-E", "reciprocal_end_runway_visual_range_equipment_locations": "", "pavement_classification_number": "", "airport": "06833.62*A", "base_end_runway_visual_range_equipment_locations": "", "lights_edge_intensity": "MED", "reciprocal_end_runway_visual_range_equipment": false, "base_end_elevation_physical_runway_end": "938.800"}}, {"pk": 8184, "model": "airports.runway", "fields": {"base_end_displaced_threshold_point": null, "runway_length": 2572, "reciprocal_end_elevation_physical_runway_end": "940.900", "base_end_elevation_displaced_threshold": null, "surface_treatment": "", "base_end_displaced_threshold_length_from_end": null, "runway_width": 60, "reciprocal_end_displaced_threshold_point": "POINT (-94.9188038333333282 38.5358459166666663)", "reciprocal_end_visual_glide_slope_indicators": "", "reciprocal_end_displaced_threshold_length_from_end": null, "base_end_point": "POINT (-94.9229351666666616 38.5421191111111128)", "reciprocal_end_point": "POINT (-94.9188038333333282 38.5358459166666663)", "base_end_runway_visual_range_equipment": false, "runway_identification": "15/33", "base_end_visual_glide_slope_indicators": "", "reciprocal_end_elevation_displaced_threshold": null, "surface_type_condition": "TURF-F", "reciprocal_end_runway_visual_range_equipment_locations": "", "pavement_classification_number": "", "airport": "06833.62*A", "base_end_runway_visual_range_equipment_locations": "", "lights_edge_intensity": "", "reciprocal_end_runway_visual_range_equipment": false, "base_end_elevation_physical_runway_end": "925.900"}}, {"pk": 11584, "model": "airports.runway", "fields": {"base_end_displaced_threshold_point": null, "runway_length": 5001, "reciprocal_end_elevation_physical_runway_end": "1218.700", "base_end_elevation_displaced_threshold": null, "surface_treatment": "AFSC", "base_end_displaced_threshold_length_from_end": null, "runway_width": 100, "reciprocal_end_displaced_threshold_point": "POINT (-94.3899267222222278 36.8175148888888870)", "reciprocal_end_visual_glide_slope_indicators": "P4L", "reciprocal_end_displaced_threshold_length_from_end": null, "base_end_point": "POINT (-94.3934846388888928 36.8040793333333340)", "reciprocal_end_point": "POINT (-94.3899267222222278 36.8175148888888870)", "base_end_runway_visual_range_equipment": false, "runway_identification": "01/19", "base_end_visual_glide_slope_indicators": "P4L", "reciprocal_end_elevation_displaced_threshold": null, "surface_type_condition": "ASPH-G", "reciprocal_end_runway_visual_range_equipment_locations": "", "pavement_classification_number": "", "airport": "11956.1*A", "base_end_runway_visual_range_equipment_locations": "", "lights_edge_intensity": "MED", "reciprocal_end_runway_visual_range_equipment": false, "base_end_elevation_physical_runway_end": "1254.600"}}, {"pk": 22218, "model": "airports.runway", "fields": {"base_end_displaced_threshold_point": null, "runway_length": 4391, "reciprocal_end_elevation_physical_runway_end": "16.000", "base_end_elevation_displaced_threshold": null, "surface_treatment": "", "base_end_displaced_threshold_length_from_end": null, "runway_width": 100, "reciprocal_end_displaced_threshold_point": "POINT (-122.8928501388888890 46.1133744722222190)", "reciprocal_end_visual_glide_slope_indicators": "P4L", "reciprocal_end_displaced_threshold_length_from_end": null, "base_end_point": "POINT (-122.9038980277777711 46.1226455277777774)", "reciprocal_end_point": "POINT (-122.8928501388888890 46.1133744722222190)", "base_end_runway_visual_range_equipment": false, "runway_identification": "12/30", "base_end_visual_glide_slope_indicators": "P4L", "reciprocal_end_elevation_displaced_threshold": null, "surface_type_condition": "ASPH-G", "reciprocal_end_runway_visual_range_equipment_locations": "", "pavement_classification_number": "", "airport": "26246.*A", "base_end_runway_visual_range_equipment_locations": "", "lights_edge_intensity": "NSTD", "reciprocal_end_runway_visual_range_equipment": false, "base_end_elevation_physical_runway_end": "19.900"}}]